station,line_names,division,borough
1 AV,L,BMT,Manhattan
1 AVE,L,BMT,Manhattan
103 ST,1,IRT,Manhattan
103 ST,6,IRT,Manhattan
103 ST,BC,IND,Manhattan
103 ST-CORONA,7,IRT,Queens
104 ST,A,IND,Queens
104 ST,JZ,BMT,Queens
110 ST,6,IRT,Manhattan
110 ST-CATHEDRL,1,IRT,Manhattan
110 ST-CPN,23,IRT,Manhattan
111 ST,7,IRT,Queens
111 ST,A,IND,Queens
111 ST,J,BMT,Queens
116 ST,23,IRT,Manhattan
116 ST,6,IRT,Manhattan
116 ST,BC,IND,Manhattan
116 ST-COLUMBIA,1,IRT,Manhattan
121 ST,JZ,BMT,Queens
125 ST,1,IRT,Manhattan
125 ST,23,IRT,Manhattan
125 ST,456,IRT,Manhattan
125 ST,ACBD,IND,Manhattan
135 ST,23,IRT,Manhattan
135 ST,BC,IND,Manhattan
137 ST CITY COL,1,IRT,Manhattan
137 ST-CITY COL,1,IRT,Manhattan
138 ST-3 AVE,6,IRT,Bronx
138 ST-GR CONC,45,IRT,Bronx
138/GRAND CONC,45,IRT,Bronx
14 ST,123FLM,IRT,Manhattan
14 ST,ACEL,IND,Manhattan
14 ST,FLM123,IND,Manhattan
14 ST-6 AVE,FLM123,IND,Manhattan
14 ST-UNION SQ,456LNQR,IRT,Manhattan
14 ST-UNION SQ,456LNQRW,IRT,Manhattan
14 ST-UNION SQ,LNQR456,BMT,Manhattan
14 ST-UNION SQ,LNQR456W,BMT,Manhattan
145 ST,1,IRT,Manhattan
145 ST,3,IRT,Manhattan
145 ST,ABCD,IND,Manhattan
148 ST-LENOX,3,IRT,Manhattan
149 ST-3 AVE,25,IRT,Bronx
149 ST-GR CONC,245,IRT,Bronx
149/GRAND CONC,245,IRT,Bronx
14TH STREET,1,PTH,Manhattan
15 ST-PROSPECT,FG,IND,Brooklyn
155 ST,BD,IND,Manhattan
155 ST,C,IND,Manhattan
157 ST,1,IRT,Manhattan
161 ST-YANKEE,4BD,IRT,Bronx
161 ST-YANKEE,BD4,IND,Bronx
161/YANKEE STAD,4BD,IRT,Bronx
161/YANKEE STAD,BD4,IND,Bronx
163 ST-AMSTERDM,C,IND,Manhattan
167 ST,4,IRT,Bronx
167 ST,BD,IND,Bronx
168 ST,1AC,IRT,Manhattan
168 ST,AC1,IND,Manhattan
168 ST-BROADWAY,1AC,IRT,Manhattan
168 ST-BROADWAY,AC1,IND,Manhattan
169 ST,F,IND,Queens
170 ST,4,IRT,Bronx
170 ST,BD,IND,Bronx
174 ST,25,IRT,Bronx
174-175 ST,BD,IND,Bronx
174-175 STS,BD,IND,Bronx
175 ST,A,IND,Manhattan
176 ST,4,IRT,Bronx
18 AV,D,BMT,Brooklyn
18 AV,F,IND,Brooklyn
18 AV,N,BMT,Brooklyn
18 AVE,D,BMT,Brooklyn
18 AVE,F,IND,Brooklyn
18 AVE,N,BMT,Brooklyn
18 ST,1,IRT,Manhattan
181 ST,1,IRT,Manhattan
181 ST,A,IND,Manhattan
182-183 ST,BD,IND,Bronx
182-183 STS,BD,IND,Bronx
183 ST,4,IRT,Bronx
190 ST,A,IND,Manhattan
191 ST,1,IRT,Manhattan
2 AV,F,IND,Manhattan
2 AVE,F,IND,Manhattan
20 AV,D,BMT,Brooklyn
20 AV,N,BMT,Brooklyn
20 AVE,D,BMT,Brooklyn
20 AVE,N,BMT,Brooklyn
207 ST,1,IRT,Manhattan
21 ST,F,IND,Queens
21 ST,G,IND,Queens
21 ST-QNSBRIDGE,F,IND,Queens
215 ST,1,IRT,Manhattan
219 ST,25,IRT,Bronx
22 AVE-BAY PKY,F,IND,Brooklyn
225 ST,25,IRT,Bronx
23 ST,1,IRT,Manhattan
23 ST,6,IRT,Manhattan
23 ST,CE,IND,Manhattan
23 ST,FM,IND,Manhattan
23 ST,NR,BMT,Manhattan
23 ST,NRW,BMT,Manhattan
23 ST-5 AVE,NR,BMT,Manhattan
23 ST-6 AVE,FM,IND,Manhattan
231 ST,1,IRT,Bronx
233 ST,25,IRT,Bronx
238 ST,1,IRT,Bronx
242 ST,1,IRT,Bronx
25 AV,D,BMT,Brooklyn
25 AVE,D,BMT,Brooklyn
25 ST,R,BMT,Brooklyn
28 ST,1,IRT,Manhattan
28 ST,6,IRT,Manhattan
28 ST,NR,BMT,Manhattan
28 ST,NRW,BMT,Manhattan
28 ST-BROADWAY,NR,BMT,Manhattan
3 AV,L,BMT,Manhattan
3 AV 138 ST,6,IRT,Bronx
3 AV-149 ST,25,IRT,Bronx
3 AVE,L,BMT,Manhattan
30 AV,NQ,BMT,Queens
30 AV,NQW,BMT,Queens
33 ST,6,IRT,Manhattan
33 ST-RAWSON ST,7,IRT,Queens
33 ST/RAWSON ST,7,IRT,Queens
34 ST-HERALD SQ,BDFMNQR,BMT,Manhattan
34 ST-HERALD SQ,BDFMNQR,IND,Manhattan
34 ST-HERALD SQ,BDFMNQRW,BMT,Manhattan
34 ST-HERALD SQ,BDFMNQRW,IND,Manhattan
34 ST-HUDSON YD,7,IRT,Manhattan
34 ST-PENN STA,123,IRT,Manhattan
34 ST-PENN STA,123ACE,IRT,Manhattan
34 ST-PENN STA,ACE,IND,Manhattan
36 AV,NQ,BMT,Queens
36 AV,NQW,BMT,Queens
36 ST,DNR,BMT,Brooklyn
36 ST,MR,IND,Queens
39 AV,NQ,BMT,Queens
39 AV,NQW,BMT,Queens
4 AV-9 ST,DFGMNR,IND,Brooklyn
4 AVE,DFGMNR,IND,Brooklyn
40 ST LOWERY ST,7,IRT,Queens
40 ST-LOWERY ST,7,IRT,Queens
42 ST-BRYANT PK,BDFM7,IND,Manhattan
42 ST-GRD CNTRL,4567S,IRT,Manhattan
42 ST-PA BUS TE,ACENGRS1237,IND,Manhattan
42 ST-PA BUS TE,ACENQRS1237,IND,Manhattan
42 ST-PORT AUTH,ACENGRS1237,IND,Manhattan
42 ST-PORT AUTH,ACENGRS1237W,IND,Manhattan
42 ST-PORT AUTH,ACENQRS1237,IND,Manhattan
42 ST-PORT AUTH,ACENQRS1237W,IND,Manhattan
42 ST-TIMES SQ,1237ACENQRS,IRT,Manhattan
42 ST-TIMES SQ,ACENQRS1237,BMT,Manhattan
45 ST,R,BMT,Brooklyn
46 ST,MR,IND,Queens
46 ST BLISS ST,7,IRT,Queens
46 ST-BLISS ST,7,IRT,Queens
47-50 ST-ROCK,BDFM,IND,Manhattan
47-50 STS ROCK,BDFM,IND,Manhattan
49 ST,NQR,BMT,Manhattan
49 ST,NQRW,BMT,Manhattan
49 ST-7 AVE,NQR,BMT,Manhattan
4AV-9 ST,DFGMNR,BMT,Brooklyn
5 AV/53 ST,EM,IND,Manhattan
5 AV/59 ST,NQR,BMT,Manhattan
5 AV/59 ST,NQRW,BMT,Manhattan
5 AVE,7BDFM,IRT,Manhattan
5 AVE-53 ST,EM,IND,Manhattan
5 AVE-59 ST,NQR,BMT,Manhattan
5 AVE-BRYANT PK,7BDFM,IRT,Manhattan
50 ST,1,IRT,Manhattan
50 ST,CE,IND,Manhattan
50 ST,D,BMT,Brooklyn
51 ST,6,IRT,Manhattan
52 ST,7,IRT,Queens
52 ST-LINCOLN,7,IRT,Queens
53 ST,R,BMT,Brooklyn
55 ST,D,BMT,Brooklyn
57 ST,F,IND,Manhattan
57 ST-7 AV,NQR,BMT,Manhattan
57 ST-7 AV,NQRW,BMT,Manhattan
57 ST-7 AVE,NQR,BMT,Manhattan
59 ST,456NQR,IRT,Manhattan
59 ST,456NQRW,IRT,Manhattan
59 ST,NQR456,BMT,Manhattan
59 ST,NQR456W,BMT,Manhattan
59 ST,NR,BMT,Brooklyn
59 ST,NRW,BMT,Brooklyn
59 ST COLUMBUS,1ABCD,IRT,Manhattan
59 ST COLUMBUS,ABCD1,IND,Manhattan
59 ST-COLUMBUS,1ABCD,IRT,Manhattan
59 ST-COLUMBUS,ABCD1,IND,Manhattan
6 AV,FLM123,BMT,Manhattan
6 AVE,FLM123,BMT,Manhattan
61 ST WOODSIDE,7,IRT,Queens
61 ST/WOODSIDE,7,IRT,Queens
63 DR-REGO PARK,MR,IND,Queens
65 ST,MR,IND,Queens
66 ST-LINCOLN,1,IRT,Manhattan
67 AV,MR,IND,Queens
67 AVE,MR,IND,Queens
68ST-HUNTER CO,6,IRT,Manhattan
68ST-HUNTER COL,6,IRT,Manhattan
69 ST,7,IRT,Queens
69 ST-FISK AVE,7,IRT,Queens
7 AV,BDE,IND,Manhattan
7 AV,BQ,BMT,Brooklyn
7 AV,FG,IND,Brooklyn
7 AV-PARK SLOPE,FG,IND,Brooklyn
7 AVE,BQ,BMT,Brooklyn
7 AVE-53 ST,BDE,IND,Manhattan
71 ST,D,BMT,Brooklyn
72 ST,123,IRT,Manhattan
72 ST,BC,IND,Manhattan
72 ST-2 AVE,Q,IND,Manhattan
74 ST-BROADWAY,7EFMR,IRT,Queens
75 AV,EF,IND,Queens
75 AVE,EF,IND,Queens
75 ST-ELDERTS,JZ,BMT,Queens
77 ST,6,IRT,Manhattan
77 ST,R,BMT,Brooklyn
79 ST,1,IRT,Manhattan
79 ST,D,BMT,Brooklyn
8 AV,ACEL,BMT,Manhattan
8 AV,N,BMT,Brooklyn
8 AVE,ACEL,BMT,Manhattan
8 AVE,N,BMT,Brooklyn
8 ST-B'WAY NYU,NR,BMT,Manhattan
8 ST-NYU,NR,BMT,Manhattan
8 ST-NYU,NRW,BMT,Manhattan
80 ST,A,IND,Queens
81 ST-MUSEUM,BC,IND,Manhattan
82 ST-JACKSON H,7,IRT,Queens
85 ST-FOREST PK,J,BMT,Queens
86 ST,1,IRT,Manhattan
86 ST,456,IRT,Manhattan
86 ST,BC,IND,Manhattan
86 ST,N,BMT,Brooklyn
86 ST,R,BMT,Brooklyn
86 ST-2 AVE,Q,IND,Manhattan
88 ST,A,IND,Queens
9 AV,D,BMT,Brooklyn
9 AVE,D,BMT,Brooklyn
9 ST,DFGMNR,BMT,Brooklyn
90 ST-ELMHURST,7,IRT,Queens
96 ST,123,IRT,Manhattan
96 ST,6,IRT,Manhattan
96 ST,BC,IND,Manhattan
96 ST-2 AVE,Q,IND,Manhattan
9TH STREET,1,PTH,Manhattan
ALABAMA AV,J,BMT,Brooklyn
ALABAMA AVE,J,BMT,Brooklyn
ALLERTON AV,25,IRT,Bronx
ALLERTON AVE,25,IRT,Bronx
AQUEDUCT N.COND,A,IND,Queens
AQUEDUCT RACETR,A,IND,Queens
AQUEDUCT TRACK,A,IND,Queens
AQUEDUCT-N CNDT,A,IND,Queens
ASTOR PL,6,IRT,Manhattan
ASTOR PLACE,6,IRT,Manhattan
ASTORIA BLVD,NQ,BMT,Queens
ASTORIA BLVD,NQW,BMT,Queens
ASTORIA DITMARS,NQ,BMT,Queens
ASTORIA DITMARS,NQW,BMT,Queens
ATL AV-BARCLAY,2345BDNQR,IRT,Brooklyn
ATL AV-BARCLAY,BDNQR2345,BMT,Brooklyn
ATL AV-BARCLAY,BDNQR2345,IRT,Brooklyn
ATLANTIC AV,L,BMT,Brooklyn
ATLANTIC AVE,L,BMT,Brooklyn
AVE H,BQ,BMT,Brooklyn
AVE I,F,IND,Brooklyn
AVE J,BQ,BMT,Brooklyn
AVE M,BQ,BMT,Brooklyn
AVE N,F,IND,Brooklyn
AVE P,F,IND,Brooklyn
AVE U,BQ,BMT,Brooklyn
AVE U,F,IND,Brooklyn
AVE U,N,BMT,Brooklyn
AVE X,F,IND,Brooklyn
AVENUE H,BQ,BMT,Brooklyn
AVENUE I,F,IND,Brooklyn
AVENUE J,BQ,BMT,Brooklyn
AVENUE M,BQ,BMT,Brooklyn
AVENUE N,F,IND,Brooklyn
AVENUE P,F,IND,Brooklyn
AVENUE U,BQ,BMT,Brooklyn
AVENUE U,F,IND,Brooklyn
AVENUE U,N,BMT,Brooklyn
AVENUE X,F,IND,Brooklyn
B'WAY-LAFAYETTE,BDFQ6,IND,Manhattan
BARCLAYS CENTER,2345BDNQR,IRT,Brooklyn
BARCLAYS CENTER,BDNQR2345,BMT,Brooklyn
BARCLAYS CENTER,BDNQR2345,IRT,Brooklyn
BAY 50 ST,D,BMT,Brooklyn
BAY PARKWAY,D,BMT,Brooklyn
BAY PKWY,D,BMT,Brooklyn
BAY PKWY,F,IND,Brooklyn
BAY PKWY,N,BMT,Brooklyn
BAY PKY-22 AVE,N,BMT,Brooklyn
BAY RIDGE AV,R,BMT,Brooklyn
BAY RIDGE AVE,R,BMT,Brooklyn
BAY RIDGE-95 ST,R,BMT,Brooklyn
BAYCHESTER AV,5,IRT,Bronx
BAYCHESTER AVE,5,IRT,Bronx
BEACH 105 ST,AS,IND,Queens
BEACH 25 ST,A,IND,Queens
BEACH 36 ST,A,IND,Queens
BEACH 44 ST,A,IND,Queens
BEACH 60 ST,A,IND,Queens
BEACH 67 ST,A,IND,Queens
BEACH 90 ST,AS,IND,Queens
BEACH 98 ST,AS,IND,Queens
BEDFORD AV,L,BMT,Brooklyn
BEDFORD AVE,L,BMT,Brooklyn
BEDFORD PARK BL,4,IRT,Bronx
BEDFORD PARK BL,BD,IND,Bronx
BEDFORD PK BLVD,4,IRT,Bronx
BEDFORD PK BLVD,BD,IND,Bronx
BEDFORD-NOSTRAN,G,IND,Brooklyn
BEDFORD/NOSTRAN,G,IND,Brooklyn
BEEBE-39 AVE,NQ,BMT,Queens
BERGEN ST,23,IRT,Brooklyn
BERGEN ST,FG,IND,Brooklyn
BEVERLEY ROAD,BQ,BMT,Brooklyn
BEVERLY RD,25,IRT,Brooklyn
BEVERLY ROAD,25,IRT,Brooklyn
BLEECKER ST,6DF,IRT,Manhattan
BOROUGH HALL,2345R,IRT,Brooklyn
BOROUGH HALL,R2345,BMT,Brooklyn
BOROUGH HALL/CT,2345R,IRT,Brooklyn
BOROUGH HALL/CT,R2345,BMT,Brooklyn
BOTANIC GARDEN,S2345,BMT,Brooklyn
BOWERY,JZ,BMT,Manhattan
BOWLING GREEN,45,IRT,Manhattan
BOYD-88 ST,A,IND,Queens
BRIARWOOD,EF,IND,Queens
BRIGHTON BEACH,BQ,BMT,Brooklyn
BROAD CHANNEL,AS,IND,Queens
BROAD ST,JZ,BMT,Manhattan
BROADWAY,G,IND,Brooklyn
BROADWAY,NQ,BMT,Queens
BROADWAY,NQW,BMT,Queens
BROADWAY JCT,ACJLZ,IND,Brooklyn
BROADWAY-31 ST,NQ,BMT,Queens
BROADWAY-ENY,ACJLZ,IND,Brooklyn
BROADWAY/LAFAY,BDFQ6,IND,Manhattan
BRONX PARK EAST,25,IRT,Bronx
BROOK AV,6,IRT,Bronx
BROOK AVE,6,IRT,Bronx
BROOKLYN BRIDGE,456JZ,IRT,Manhattan
BUHRE AV,6,IRT,Bronx
BUHRE AVE,6,IRT,Bronx
BURKE AV,25,IRT,Bronx
BURKE AVE,25,IRT,Bronx
BURNSIDE AV,4,IRT,Bronx
BURNSIDE AVE,4,IRT,Bronx
BUSHWICK AV,L,BMT,Brooklyn
BUSHWICK AVE,L,BMT,Brooklyn
CANAL ST,1,IRT,Manhattan
CANAL ST,ACE,IND,Manhattan
CANAL ST,JNQRZ6,BMT,Manhattan
CANAL ST,JNQRZ6W,BMT,Manhattan
CANARSIE-ROCKAW,L,BMT,Brooklyn
CARROLL ST,FG,IND,Brooklyn
CASTLE HILL AV,6,IRT,Bronx
CASTLE HILL AVE,6,IRT,Bronx
CATHEDRAL PKWY,1,IRT,Manhattan
CATHEDRAL PKWY,BC,IND,Manhattan
CATHEDRL-110 ST,BC,IND,Manhattan
CENTRAL AV,M,BMT,Brooklyn
CENTRAL AVE,M,BMT,Brooklyn
CENTRAL PK N110,23,IRT,Manhattan
CHAMBERS ST,123,IRT,Manhattan
CHAMBERS ST,ACE23,IND,Manhattan
CHAMBERS ST,JZ456,BMT,Manhattan
CHAUNCEY ST,JZ,BMT,Brooklyn
CHRISTOPHER ST,1,IRT,Manhattan
CHRISTOPHER ST,1,PTH,Manhattan
CHURCH AV,25,IRT,Brooklyn
CHURCH AV,BQ,BMT,Brooklyn
CHURCH AV,FG,IND,Brooklyn
CHURCH AVE,25,IRT,Brooklyn
CHURCH AVE,BQ,BMT,Brooklyn
CHURCH AVE,FG,IND,Brooklyn
CITY / BUS,1,PTH,Manhattan
CITY HALL,NRW,BMT,Manhattan
CITY HALL,R,BMT,Manhattan
CLARK ST,23,IRT,Brooklyn
CLASSON AV,G,IND,Brooklyn
CLASSON AVE,G,IND,Brooklyn
CLEVELAND ST,J,BMT,Brooklyn
CLINTON-WASH AV,C,IND,Brooklyn
CLINTON-WASH AV,G,IND,Brooklyn
CONEY IS-STILLW,DFNQ,BMT,Brooklyn
CORTELYOU RD,BQ,BMT,Brooklyn
CORTELYOU ROAD,BQ,BMT,Brooklyn
CORTLANDT ST,1,IRT,Manhattan
CORTLANDT ST,R,BMT,Manhattan
CORTLANDT ST,RNW,BMT,Manhattan
COURT SQ,7,IRT,Queens
COURT SQ,EMG,IND,Queens
COURT SQ-23 ST,EMG,IND,Queens
CRESCENT ST,JZ,BMT,Brooklyn
CROWN HTS-UTICA,34,IRT,Brooklyn
CYPRESS AV,6,IRT,Bronx
CYPRESS AVE,6,IRT,Bronx
CYPRESS HILLS,J,BMT,Brooklyn
DEKALB AV,BDNQR,BMT,Brooklyn
DEKALB AV,L,BMT,Brooklyn
DEKALB AVE,BDNQR,BMT,Brooklyn
DEKALB AVE,L,BMT,Brooklyn
DELANCEY ST,FJMZ,IND,Manhattan
DELANCEY/ESSEX,FJMZ,BMT,Manhattan
DELANCEY/ESSEX,FJMZ,IND,Manhattan
DITMARS BL-31 S,NQ,BMT,Queens
DITMAS AV,F,IND,Brooklyn
DITMAS AVE,F,IND,Brooklyn
DYCKMAN ST,1,IRT,Manhattan
DYCKMAN ST,A,IND,Manhattan
DYCKMAN-200 ST,A,IND,Manhattan
DYRE AVE,5,IRT,Bronx
E 143 ST,6,IRT,Bronx
E 143/ST MARY'S,6,IRT,Bronx
E 149 ST,6,IRT,Bronx
E 177 ST-PARKCH,6,IRT,Bronx
E 180 ST,25,IRT,Bronx
E TREMONT AVE,25,IRT,Bronx
EAST 105 ST,L,BMT,Brooklyn
EAST BROADWAY,F,IND,Manhattan
EASTCHSTER/DYRE,5,IRT,Bronx
EASTERN PKWY,23,IRT,Brooklyn
EASTN PKWY-MUSM,23,IRT,Brooklyn
ELDER AV,6,IRT,Bronx
ELDER AVE,6,IRT,Bronx
ELDERTS LANE,JZ,BMT,Queens
ELMHURST AV,MR,IND,Queens
ELMHURST AVE,MR,IND,Queens
ESSEX ST,FJMZ,BMT,Manhattan
EUCLID AV,AC,IND,Brooklyn
EUCLID AVE,AC,IND,Brooklyn
EXCHANGE PLACE,1,PTH,New Jersey
FAR ROCKAWAY,A,IND,Queens
FLATBUSH AV-B.C,25,IRT,Brooklyn
FLATBUSH AVE,25,IRT,Brooklyn
FLUSHING AV,G,IND,Brooklyn
FLUSHING AV,JM,BMT,Brooklyn
FLUSHING AVE,G,IND,Brooklyn
FLUSHING AVE,JM,BMT,Brooklyn
FLUSHING-MAIN,7,IRT,Queens
FORDHAM RD,4,IRT,Bronx
FORDHAM RD,BD,IND,Bronx
FORDHAM ROAD,4,IRT,Bronx
FORDHAM ROAD,BD,IND,Bronx
FOREST AVE,M,BMT,Queens
FOREST HILLS 71,EFMR,IND,Queens
FOREST HILLS-71,EFMR,IND,Queens
FOREST PARKWAY,J,BMT,Queens
FRANKLIN AV,2345S,IRT,Brooklyn
FRANKLIN AV,ACS,IND,Brooklyn
FRANKLIN AVE,2345S,IRT,Brooklyn
FRANKLIN AVE,ACS,IND,Brooklyn
FRANKLIN ST,1,IRT,Manhattan
FREEMAN ST,25,IRT,Bronx
FRESH POND RD,M,BMT,Queens
FRESH POND ROAD,M,BMT,Queens
FT HAMILTON PKY,D,BMT,Brooklyn
FT HAMILTON PKY,FG,IND,Brooklyn
FT HAMILTON PKY,N,BMT,Brooklyn
FULTON ST,2345ACJZ,IND,Manhattan
FULTON ST,2345ACJZ,IRT,Manhattan
FULTON ST,ACJZ2345,BMT,Manhattan
FULTON ST,ACJZ2345,IND,Manhattan
FULTON ST,G,IND,Brooklyn
GATES AV,JZ,BMT,Brooklyn
GATES AVE,JZ,BMT,Brooklyn
GRAHAM AV,L,BMT,Brooklyn
GRAHAM AVE,L,BMT,Brooklyn
GRAND ARMY PLAZ,23,IRT,Brooklyn
GRAND AV-NEWTON,MR,IND,Queens
GRAND ST,BD,IND,Manhattan
GRAND ST,L,BMT,Brooklyn
GRAND-30 AVE,NQ,BMT,Queens
GRAND-NEWTOWN,MR,IND,Queens
GRANT AV,A,IND,Brooklyn
GRANT AVE,A,IND,Brooklyn
GRD CNTRL-42 ST,4567S,IRT,Manhattan
GREENPOINT AV,G,IND,Brooklyn
GREENPOINT AVE,G,IND,Brooklyn
GREENWOOD-111,A,IND,Queens
GROVE STREET,1,PTH,New Jersey
GUN HILL RD,25,IRT,Bronx
GUN HILL RD,5,IRT,Bronx
GUN HILL ROAD,25,IRT,Bronx
GUN HILL ROAD,5,IRT,Bronx
HALSEY ST,J,BMT,Brooklyn
HALSEY ST,L,BMT,Brooklyn
HARLEM 148 ST,3,IRT,Manhattan
HARRISON,1,PTH,New Jersey
HEWES ST,JM,BMT,Brooklyn
HIGH ST,AC,IND,Brooklyn
HOUSTON ST,1,IRT,Manhattan
HOWARD BCH JFK,A,IND,Queens
HOWARD BCH-JFK,A,IND,Queens
HOYT ST,23,IRT,Brooklyn
HOYT ST-ASTORIA,NQ,BMT,Queens
HOYT-SCHER,ACG,IND,Brooklyn
HOYT/SCHERMER,ACG,IND,Brooklyn
HUDSON-80 ST,A,IND,Queens
HUNTERS PT AV,7,IRT,Queens
HUNTERS PT AVE,7,IRT,Queens
HUNTS POINT AV,6,IRT,Bronx
HUNTS POINT AVE,6,IRT,Bronx
INTERVALE AV,25,IRT,Bronx
INTERVALE-163,25,IRT,Bronx
INWOOD-207 ST,A,IND,Manhattan
JACKSON AV,25,IRT,Bronx
JACKSON AVE,25,IRT,Bronx
JAMAICA 179 ST,F,IND,Queens
JAMAICA CENTER,EJZ,IND,Queens
JAMAICA VAN WK,E,IND,Queens
JAMAICA-179 ST,F,IND,Queens
JAMAICA-VAN WYC,E,IND,Queens
JAY ST-METROTEC,ACF,IND,Brooklyn
JAY ST-METROTEC,R,BMT,Brooklyn
JEFFERSON ST,L,BMT,Brooklyn
JFK HOWARD BCH,A,IND,Queens
JFK JAMAICA CT1,E,IND,Queens
JKSN HT-ROOSVLT,EFMR7,IND,Queens
JOURNAL SQUARE,1,PTH,New Jersey
JUNCTION BLVD,7,IRT,Queens
JUNIUS ST,3,IRT,Brooklyn
KEW GARDENS,EF,IND,Queens
KINGS HIGHWAY,BQ,BMT,Brooklyn
KINGS HIGHWAY,F,IND,Brooklyn
KINGS HIGHWAY,N,BMT,Brooklyn
KINGS HWY,BQ,BMT,Brooklyn
KINGS HWY,F,IND,Brooklyn
KINGS HWY,N,BMT,Brooklyn
KINGSBRIDGE RD,4,IRT,Bronx
KINGSBRIDGE RD,BD,IND,Bronx
KINGSTON AV,3,IRT,Brooklyn
KINGSTON AVE,3,IRT,Brooklyn
KINGSTON-THROOP,C,IND,Brooklyn
KNICKERBOCKER,M,BMT,Brooklyn
KOSCIUSZKO ST,J,BMT,Brooklyn
LACKAWANNA,1,PTH,New Jersey
LAFAYETTE AV,C,IND,Brooklyn
LAFAYETTE AVE,C,IND,Brooklyn
LEFFERTS BLVD,A,IND,Queens
LEXINGTON AV/53,EM6,IND,Manhattan
LEXINGTON AV/63,F,IND,Manhattan
LEXINGTON AVE,F,IND,Manhattan
LEXINGTON AVE,NQR456,BMT,Manhattan
LEXINGTON-53 ST,EM6,IND,Manhattan
LIBERTY AV,C,IND,Brooklyn
LIBERTY AVE,C,IND,Brooklyn
LIVONIA AV,L,BMT,Brooklyn
LIVONIA AVE,L,BMT,Brooklyn
LONGWOOD AV,6,IRT,Bronx
LONGWOOD AVE,6,IRT,Bronx
LORIMER ST,JM,BMT,Brooklyn
LORIMER ST,LG,BMT,Brooklyn
MAIN ST,7,IRT,Queens
MARBLE HILL-225,1,IRT,Manhattan
MARCY AV,JMZ,BMT,Brooklyn
MARCY AVE,JMZ,BMT,Brooklyn
METROPOLITAN AV,GL,IND,Brooklyn
METROPOLITAN AV,M,BMT,Brooklyn
METS-WILLETS PT,7,IRT,Queens
MIDDLETOWN RD,6,IRT,Bronx
MIDDLETOWN ROAD,6,IRT,Bronx
MONTROSE AV,L,BMT,Brooklyn
MONTROSE AVE,L,BMT,Brooklyn
MORGAN AV,L,BMT,Brooklyn
MORGAN AVE,L,BMT,Brooklyn
MORISN AV/SNDVW,6,IRT,Bronx
MORRIS PARK,5,IRT,Bronx
MORRISON AVE,6,IRT,Bronx
MOSHOLU PARKWAY,4,IRT,Bronx
MOSHOLU PKWY,4,IRT,Bronx
MT EDEN AV,4,IRT,Bronx
MT EDEN AVE,4,IRT,Bronx
MYRTLE AV,JMZ,BMT,Brooklyn
MYRTLE AVE,JMZ,BMT,Brooklyn
MYRTLE AVE,LM,BMT,Brooklyn
MYRTLE-WILLOUGH,G,IND,Brooklyn
MYRTLE-WYCKOFF,LM,BMT,Brooklyn
NASSAU AV,G,IND,Brooklyn
NASSAU ST,G,IND,Brooklyn
NECK RD,BQ,BMT,Brooklyn
NECK ROAD,BQ,BMT,Brooklyn
NEPTUNE AV,F,IND,Brooklyn
NEPTUNE AVE,F,IND,Brooklyn
NEREID AV,25,IRT,Bronx
NEREID AVE,25,IRT,Bronx
NEVINS ST,2345,IRT,Brooklyn
NEW LOTS,L,BMT,Brooklyn
NEW LOTS AV,3,IRT,Brooklyn
NEW LOTS AVE,3,IRT,Brooklyn
NEW LOTS AVE,L,BMT,Brooklyn
NEW UTRECHT AV,ND,BMT,Brooklyn
NEW UTRECHT AVE,ND,BMT,Brooklyn
NEWARK BM BW,1,PTH,New Jersey
NEWARK C,1,PTH,New Jersey
NEWARK HM HE,1,PTH,New Jersey
NEWARK HW BMEBE,1,PTH,New Jersey
NEWKIRK AV,25,IRT,Brooklyn
NEWKIRK AVE,25,IRT,Brooklyn
NEWKIRK PLAZA,BQ,BMT,Brooklyn
NORTHERN BLVD,MR,IND,Queens
NORWOOD 205 ST,D,IND,Bronx
NORWOOD AV,JZ,BMT,Brooklyn
NORWOOD AVE,JZ,BMT,Brooklyn
NORWOOD-205 ST,D,IND,Bronx
NOSTRAND AV,3,IRT,Brooklyn
NOSTRAND AV,AC,IND,Brooklyn
NOSTRAND AVE,3,IRT,Brooklyn
NOSTRAND AVE,AC,IND,Brooklyn
OCEAN PARKWAY,Q,BMT,Brooklyn
OCEAN PKWY,Q,BMT,Brooklyn
ORCHARD BEACH,6,IND,Bronx
OXFORD-104 ST,A,IND,Queens
OZONE PK LEFFRT,A,IND,Queens
PARK PLACE,23ACE,IRT,Manhattan
PARK PLACE,S,BMT,Brooklyn
PARKCHESTER,6,IRT,Bronx
PARKSIDE AV,BQ,BMT,Brooklyn
PARKSIDE AVE,BQ,BMT,Brooklyn
PARSONS BLVD,F,IND,Queens
PATH NEW WTC,1,PTH,Manhattan
PATH WTC,1,PTH,Manhattan
PATH WTC 2,1,PTH,Manhattan
PAVONIA/NEWPORT,1,PTH,New Jersey
PELHAM BAY PARK,6,IRT,Bronx
PELHAM PARKWAY,25,IRT,Bronx
PELHAM PARKWAY,5,IRT,Bronx
PELHAM PKWY,25,IRT,Bronx
PELHAM PKWY,5,IRT,Bronx
PENNSYLVANIA AV,3,IRT,Brooklyn
PRESIDENT ST,25,IRT,Brooklyn
PRINCE ST,NR,BMT,Manhattan
PRINCE ST,NRW,BMT,Manhattan
PRINCE ST-B'WAY,NR,BMT,Manhattan
PROSPECT AV,25,IRT,Bronx
PROSPECT AV,R,BMT,Brooklyn
PROSPECT AVE,25,IRT,Bronx
PROSPECT AVE,R,BMT,Brooklyn
PROSPECT PARK,BQS,BMT,Brooklyn
QUEENS PLAZA,EMR,IND,Queens
QUEENSBORO PLZ,7NQ,IRT,Queens
QUEENSBORO PLZ,7NQW,IRT,Queens
RALPH AV,C,IND,Brooklyn
RALPH AVE,C,IND,Brooklyn
RECTOR ST,1,IRT,Manhattan
RECTOR ST,NRW,BMT,Manhattan
RECTOR ST,R,BMT,Manhattan
RIT-MANHATTAN,R,RIT,Manhattan
RIT-ROOSEVELT,R,RIT,Manhattan
ROCKAWAY AV,3,IRT,Brooklyn
ROCKAWAY AV,C,IND,Queens
ROCKAWAY AVE,3,IRT,Brooklyn
ROCKAWAY AVE,C,IND,Queens
ROCKAWAY BLVD,A,IND,Queens
ROCKAWAY PARK B,AS,IND,Queens
ROCKAWAY PK 116,AS,IND,Queens
ROCKAWAY PKY,L,BMT,Brooklyn
ROOSEVELT AVE,EFMR7,IND,Queens
ROOSEVELT IS,F,IND,Manhattan
ROOSEVELT ISLND,F,IND,Manhattan
SARATOGA AV,3,IRT,Brooklyn
SARATOGA AVE,3,IRT,Brooklyn
SENECA AVE,M,BMT,Queens
SHEEPSHEAD BAY,BQ,BMT,Brooklyn
SHEPHERD AV,C,IND,Brooklyn
SHEPHERD AVE,C,IND,Brooklyn
SIMPSON ST,25,IRT,Bronx
SMITH-9 ST,FG,IND,Brooklyn
SOUTH FERRY,1R,IRT,Manhattan
SOUTH FERRY,1RW,IRT,Manhattan
SPRING ST,6,IRT,Manhattan
SPRING ST,CE,IND,Manhattan
ST LAWRENCE AV,6,IRT,Bronx
ST LAWRENCE AVE,6,IRT,Bronx
ST. GEORGE,1,SRT,Staten Island
STEINWAY ST,MR,IND,Queens
STERLING ST,25,IRT,Brooklyn
STILLWELL AVE,DFNQ,BMT,Brooklyn
SUTPHIN BLVD,EJZ,IND,Queens
SUTPHIN BLVD,F,IND,Queens
SUTPHIN-ARCHER,E,IND,Queens
SUTPHIN-ARCHER,EJZ,IND,Queens
SUTTER AV,L,BMT,Brooklyn
SUTTER AV-RUTLD,3,IRT,Brooklyn
SUTTER AVE,3,IRT,Brooklyn
SUTTER AVE,L,BMT,Brooklyn
THIRTY ST,1,PTH,Manhattan
THIRTY THIRD ST,1,PTH,Manhattan
TIMES SQ-42 ST,1237ACENQRS,IRT,Manhattan
TIMES SQ-42 ST,1237ACENQRSW,IRT,Manhattan
TIMES SQ-42 ST,ACENQRS1237,BMT,Manhattan
TIMES SQ-42 ST,ACENQRS1237W,BMT,Manhattan
TOMPKINSVILLE,1,SRT,Staten Island
TREMONT AV,BD,IND,Bronx
TREMONT AVE,BD,IND,Bronx
TWENTY THIRD ST,1,PTH,Manhattan
UNION ST,R,BMT,Brooklyn
UNION TPK-KEW G,EF,IND,Queens
UTICA AV,AC,IND,Brooklyn
UTICA AVE,AC,IND,Brooklyn
V.CORTLANDT PK,1,IRT,Bronx
VAN ALSTON-21ST,G,IND,Queens
VAN SICLEN AV,3,IRT,Brooklyn
VAN SICLEN AV,JZ,BMT,Brooklyn
VAN SICLEN AVE,3,IRT,Brooklyn
VAN SICLEN AVE,C,IND,Brooklyn
VAN SICLEN AVE,JZ,BMT,Brooklyn
VAN WYCK BLVD,EF,IND,Queens
VERNON-JACKSON,7,IRT,Queens
VERNON/JACKSON,7,IRT,Queens
W 4 ST-WASH SQ,ABCDEFM,IND,Manhattan
W 8 ST-AQUARIUM,FQ,BMT,Brooklyn
WAKEFIELD-241,2,IRT,Bronx
WAKEFIELD/241,2,IRT,Bronx
WALL ST,23,IRT,Manhattan
WALL ST,45,IRT,Manhattan
WASHINGTON-36 A,NQ,BMT,Queens
WEST FARMS SQ,25,IRT,Bronx
WESTCHESTER SQ,6,IRT,Bronx
WHITEHALL S-FRY,R1,BMT,Manhattan
WHITEHALL S-FRY,R1W,BMT,Manhattan
WHITEHALL ST,R1,BMT,Manhattan
WHITLOCK AV,6,IRT,Bronx
WHITLOCK AVE,6,IRT,Bronx
WILSON AV,L,BMT,Brooklyn
WILSON AVE,L,BMT,Brooklyn
WINTHROP ST,25,IRT,Brooklyn
WOODHAVEN BLVD,JZ,BMT,Queens
WOODHAVEN BLVD,MR,IND,Queens
WOODLAWN,4,IRT,Bronx
WOODLAWN ROAD,4,IRT,Bronx
WORLD TRADE CTR,ACE23,IND,Manhattan
WTC-CORTLANDT,1,IRT,Manhattan
YORK ST,F,IND,Brooklyn
ZEREGA AV,6,IRT,Bronx
ZEREGA AVE,6,IRT,Bronx